City_ID,City,Lat,Lng,Max Temp,Humidity,Cloudiness,Wind Speed,Country,Date
0,muisne,0.6,-80.0333,24.91,90,31,1.98,EC,1675828567
1,port elizabeth,-33.918,25.5701,19.62,90,0,3.6,ZA,1675828568
2,rosetta,31.4044,30.4164,12.4,65,100,8.4,EG,1675828568
3,broome,42.2506,-75.833,3.9,81,100,5.14,US,1675828569
4,bull savanna,17.8868,-77.5902,21.39,82,0,3.15,JM,1675828571
5,rikitea,-23.1203,-134.9692,26.55,70,52,4.0,PF,1675828571
6,faxinal,-24.0003,-51.3194,17.3,61,15,1.69,BR,1675828572
7,castro,-24.7911,-50.0119,16.06,96,53,2.2,BR,1675828573
8,maloyaroslavets,55.0146,36.4719,-11.17,97,78,2.35,RU,1675828576
9,bengkulu,-3.8004,102.2655,29.4,55,74,3.85,ID,1675828369
10,ushuaia,-54.8,-68.3,9.81,76,20,5.14,AR,1675828380
11,katsuura,35.1333,140.3,10.21,68,97,8.39,JP,1675828578
12,sao filipe,14.8961,-24.4956,20.04,69,25,4.6,CV,1675828580
13,port alfred,-33.5906,26.891,20.1,91,100,1.34,ZA,1675828580
14,bredasdorp,-34.5322,20.0403,18.06,82,6,2.96,ZA,1675828581
15,zapolyarnyy,69.4154,30.8136,-1.4,88,26,5.0,RU,1675828582
16,kapaa,22.0752,-159.319,25.99,85,75,7.2,US,1675828582
17,saint-philippe,-21.3585,55.7679,27.77,83,84,5.72,RE,1675828583
18,kavaratti,10.5669,72.642,26.69,71,93,5.59,IN,1675828564
19,butaritari,3.0707,172.7902,27.41,80,100,9.67,KI,1675828587
20,bahia blanca,-38.7196,-62.2724,25.72,71,1,0.89,AR,1675828588
21,tuktoyaktuk,69.4541,-133.0374,-31.0,76,100,1.54,CA,1675828362
22,cabo san lucas,22.8909,-109.9124,20.28,54,75,0.0,MX,1675828378
23,atambua,-9.1061,124.8925,27.74,72,56,2.17,ID,1675828593
24,vredendal,-31.6683,18.5012,17.21,92,2,0.96,ZA,1675828594
25,naze,28.3667,129.4833,18.51,65,86,6.54,JP,1675828594
26,vardo,70.3705,31.1107,-1.01,80,19,9.77,NO,1675828595
27,busselton,-33.65,115.3333,27.3,43,0,1.74,AU,1675828595
28,jamestown,42.097,-79.2353,2.8,95,100,6.17,US,1675828596
29,mataura,-46.1927,168.8643,14.21,52,57,5.35,NZ,1675828596
30,qaanaaq,77.484,-69.3632,-31.97,67,7,2.68,GL,1675828548
31,vaini,-21.2,-175.2,29.09,79,40,2.57,TO,1675828597
32,bluff,-46.6,168.3333,12.21,67,48,12.35,NZ,1675828597
33,roald,62.5833,6.1333,8.51,49,84,11.83,NO,1675828598
34,svatove,49.4103,38.1503,-10.28,90,6,5.41,UA,1675828598
35,hobart,-42.8794,147.3294,16.92,66,75,5.66,AU,1675828496
36,kruisfontein,-34.0033,24.7314,18.27,82,99,1.64,ZA,1675828320
37,hermanus,-34.4187,19.2345,18.78,84,0,5.59,ZA,1675828599
38,cherskiy,68.75,161.3,-32.86,95,100,2.49,RU,1675828599
39,nhamunda,-2.1861,-56.7131,23.39,97,100,0.31,BR,1675828599
40,karratha,-20.7377,116.8463,35.55,37,35,6.21,AU,1675828495
41,berlevag,70.8578,29.0864,1.97,55,44,10.8,NO,1675828579
42,kwale,5.7063,6.4374,24.78,86,11,0.84,NG,1675828600
43,lukovetskiy,64.2956,41.9211,0.87,98,100,3.78,RU,1675828600
44,atuona,-9.8,-139.0333,26.13,76,22,7.43,PF,1675828357
45,upernavik,72.7868,-56.1549,-30.59,95,47,1.81,GL,1675828601
46,leningradskiy,69.3833,178.4167,-31.97,95,100,2.13,RU,1675828518
47,honiara,-9.4333,159.95,29.03,73,100,3.07,SB,1675828602
48,boysun,38.2061,67.1986,7.53,35,100,2.39,UZ,1675828602
49,severo-kurilsk,50.6789,156.125,-4.35,70,20,4.12,RU,1675828552
50,banepa,27.6298,85.5214,11.18,62,20,1.03,NP,1675828603
51,saldanha,-33.0117,17.9442,18.03,89,0,4.65,ZA,1675828603
52,ancud,-41.8697,-73.8203,12.96,95,2,1.9,CL,1675828562
53,bam,29.106,58.357,16.35,47,34,2.86,IR,1675828604
54,albany,42.6001,-73.9662,2.37,78,81,0.89,US,1675828604
55,klaksvik,62.2266,-6.589,7.74,82,100,25.55,FO,1675828604
56,tura,25.5198,90.2201,23.22,33,88,0.54,IN,1675828605
57,kapuvar,47.5922,17.0289,-6.05,82,4,2.25,HU,1675828605
58,weligama,5.9667,80.4167,25.87,82,93,2.12,LK,1675828605
59,rovaniemi,66.5,25.7167,-2.33,86,0,6.17,FI,1675828606
60,tucuma,-0.1833,-50.05,23.78,93,100,2.12,BR,1675828606
61,yerbogachen,61.2767,108.0108,-24.04,97,99,1.1,RU,1675828607
62,avarua,-21.2078,-159.775,29.03,70,46,5.14,CK,1675828607
63,sioux lookout,50.1001,-91.917,-7.96,73,40,3.6,CA,1675828607
64,senador pompeu,-5.5881,-39.3717,21.45,61,97,2.12,BR,1675828608
65,lorengau,-2.0226,147.2712,25.99,91,100,9.71,PG,1675828593
66,barrow,71.2906,-156.7887,-18.99,78,100,3.09,US,1675828385
67,pacific grove,36.6177,-121.9166,10.92,87,0,1.54,US,1675828608
68,providencia,28.7167,-111.5833,14.12,53,0,6.85,MX,1675828609
69,srednekolymsk,67.45,153.6833,-32.4,96,100,2.4,RU,1675828609
70,tayoltita,24.0833,-105.9333,13.08,47,41,2.19,MX,1675828609
71,manaure,11.7751,-72.4445,24.81,77,0,7.35,CO,1675828610
72,victoria,22.2855,114.1577,20.54,83,96,7.6,HK,1675828598
73,comodoro rivadavia,-45.8667,-67.5,16.92,39,0,1.54,AR,1675828610
74,santa cruz de tenerife,28.4682,-16.2546,15.95,94,100,3.6,ES,1675828539
75,takhatgarh,25.3333,73.0,21.45,19,1,1.26,IN,1675828611
76,sayansk,54.1088,102.1648,-13.53,92,97,1.79,RU,1675828611
77,kodiak,57.79,-152.4072,-4.27,54,0,4.63,US,1675828389
78,jalu,29.0331,21.5482,8.74,61,81,2.77,LY,1675828612
79,alice springs,-23.7,133.8833,34.75,31,40,6.69,AU,1675828371
80,thompson,55.7435,-97.8558,-15.91,85,100,1.54,CA,1675828530
81,kailua,21.4022,-157.7394,26.99,77,40,7.2,US,1675828613
82,itarema,-2.9248,-39.9167,25.16,82,100,3.81,BR,1675828613
83,mahebourg,-20.4081,57.7,26.25,83,40,5.14,MU,1675828613
84,winnemucca,40.973,-117.7357,2.89,59,89,1.94,US,1675828614
85,puerto ayora,-0.7393,-90.3518,25.86,92,44,2.24,EC,1675828614
86,punta arenas,-53.15,-70.9167,12.06,76,0,1.54,CL,1675828615
87,sobolevo,54.4299,31.8996,-15.37,99,66,2.05,RU,1675828615
88,lakes entrance,-37.8811,147.981,20.09,63,31,4.58,AU,1675828616
89,yellowknife,62.456,-114.3525,-19.69,84,100,3.09,CA,1675828496
90,sangueya,10.7,-14.3667,20.21,81,2,0.75,GN,1675828616
91,nizwa,22.9333,57.5333,21.42,39,29,0.5,OM,1675828617
92,beroroha,-21.6667,45.1667,22.83,83,100,0.85,MG,1675828617
93,iskateley,67.6803,53.1512,0.58,83,88,10.31,RU,1675828617
94,kaitangata,-46.2817,169.8464,14.92,49,21,6.62,NZ,1675828618
95,makakilo city,21.3469,-158.0858,26.18,71,75,5.66,US,1675828618
96,pontianak,-0.0333,109.3333,29.99,66,40,1.54,ID,1675828352
97,veraval,20.9,70.3667,24.28,47,6,3.68,IN,1675828619
98,sao joao da barra,-21.6403,-41.0511,23.14,94,100,1.57,BR,1675828348
99,hithadhoo,-0.6,73.0833,27.37,73,13,3.16,MV,1675828619
100,chake chake,-5.2459,39.7666,25.48,81,50,3.15,TZ,1675828619
101,deputatskiy,69.3,139.9,-41.27,98,51,1.56,RU,1675828620
102,tasiilaq,65.6145,-37.6368,-22.03,42,0,9.77,GL,1675828620
103,olinda,-8.0089,-34.8553,24.85,73,20,1.54,BR,1675828454
104,port lincoln,-34.7333,135.8667,24.39,53,33,4.11,AU,1675828400
105,valparaiso,-33.0393,-71.6273,15.8,94,0,3.6,CL,1675828621
106,bintulu,3.1667,113.0333,30.23,66,20,1.03,MY,1675828621
107,east london,-33.0153,27.9116,20.52,94,100,3.6,ZA,1675828622
108,kano,12.0001,8.5167,15.94,51,92,1.03,NG,1675828623
109,mar del plata,-38.0023,-57.5575,23.38,96,100,7.15,AR,1675828624
110,coihaique,-45.5752,-72.0662,16.34,72,75,1.54,CL,1675828626
111,constitucion,-35.3333,-72.4167,15.73,66,0,4.1,CL,1675828629
112,lavrentiya,65.5833,-171.0,-26.28,92,97,1.46,RU,1675828630
113,khatanga,71.9667,102.5,-43.9,100,63,1.4,RU,1675828363
114,magdagachi,53.45,125.8,-19.2,77,17,2.02,RU,1675828630
115,vung tau,10.346,107.0843,27.73,71,15,5.55,VN,1675828631
116,esmeralda,21.8525,-78.1169,23.26,78,20,5.97,CU,1675828632
117,omboue,-1.5746,9.2618,24.98,89,100,2.08,GA,1675828633
118,saskylakh,71.9167,114.0833,-33.95,100,100,0.53,RU,1675828559
119,acarau,-2.8856,-40.12,25.25,83,100,3.77,BR,1675828634
120,launceston,-41.45,147.1667,22.8,50,40,2.24,AU,1675828635
121,boffa,10.1667,-14.0333,22.5,83,4,1.13,GN,1675828635
122,kamojima,34.0667,134.35,12.9,55,19,6.32,JP,1675828637
123,touros,-5.1989,-35.4608,25.09,75,100,5.39,BR,1675828638
124,carbondale,37.7273,-89.2168,8.0,97,100,0.0,US,1675828546
125,ugoofaaru,5.6667,73.0,27.04,67,22,2.73,MV,1675828640
126,mnogovershinnyy,53.9353,139.9242,-25.14,82,81,1.09,RU,1675828642
127,ekhabi,53.5102,142.9671,-23.4,83,100,5.13,RU,1675828642
128,troy,42.6056,-83.1499,3.96,75,100,4.63,US,1675828643
129,umarkhed,19.6,77.7,25.13,25,1,3.5,IN,1675828644
130,te anau,-45.4167,167.7167,13.44,50,43,4.9,NZ,1675828646
131,beloha,-25.1667,45.05,23.6,74,100,3.04,MG,1675828648
132,nikolskoye,59.7035,30.7861,-1.06,86,100,4.34,RU,1675828364
133,dikson,73.5069,80.5464,-20.44,90,100,10.01,RU,1675828651
134,kenai,60.5544,-151.2583,-2.14,84,100,10.29,US,1675828652
135,rabo de peixe,37.8,-25.5833,11.73,87,75,5.14,PT,1675828492
136,sorong,-0.8833,131.25,26.92,80,100,2.97,ID,1675828652
137,kapit,2.0167,112.9333,33.06,51,81,0.26,MY,1675828653
138,new norfolk,-42.7826,147.0587,16.72,36,5,2.72,AU,1675828369
139,belle fourche,44.6714,-103.8522,5.73,64,2,4.94,US,1675828653
140,aklavik,68.2191,-135.0107,-28.96,96,100,3.53,CA,1675828654
141,socorro,31.6546,-106.3033,6.56,50,20,3.6,US,1675828654
142,ust-maya,60.4167,134.5333,-32.1,90,100,0.19,RU,1675828655
143,trairi,-3.2778,-39.2689,25.31,79,100,3.65,BR,1675828625
144,moyale,3.5167,39.0584,19.79,40,0,3.32,KE,1675828655
145,baker city,44.7749,-117.8344,2.84,79,75,1.14,US,1675828418
146,sakaiminato,35.55,133.2333,10.96,71,75,4.12,JP,1675828656
147,guerrero negro,27.9769,-114.0611,16.17,35,0,3.14,MX,1675828437
148,dalby,-27.1833,151.2667,32.21,29,36,1.79,AU,1675828656
149,gallup,35.5281,-108.7426,-0.58,72,100,0.0,US,1675828657
150,cape town,-33.9258,18.4232,21.06,76,20,6.26,ZA,1675828657
151,bilma,18.6853,12.9164,18.39,23,100,3.61,NE,1675828657
152,bonavista,48.6499,-53.1147,-3.37,70,94,10.33,CA,1675828658
153,waidhofen,48.5833,11.3333,-4.85,75,0,1.54,DE,1675828658
154,brae,60.3964,-1.353,6.8,73,100,13.47,GB,1675828658
155,fairbanks,64.8378,-147.7164,-14.0,78,100,0.0,US,1675828500
156,talcahuano,-36.7167,-73.1167,16.82,72,0,3.6,CL,1675828659
157,ocara,-4.4908,-38.5967,22.5,89,100,1.15,BR,1675828659
158,portland,45.5234,-122.6762,7.56,88,0,2.24,US,1675828522
159,college,64.8569,-147.8028,-14.01,78,75,0.0,US,1675828660
160,komsomolskiy,40.4272,71.7189,1.4,80,90,2.06,UZ,1675828660
161,carnarvon,-24.8667,113.6333,30.36,49,3,6.56,AU,1675828440
162,souillac,-20.5167,57.5167,26.21,83,40,5.14,MU,1675828661
163,vallenar,-28.5708,-70.7581,22.28,57,26,1.21,CL,1675828661
164,half moon bay,37.4636,-122.4286,12.7,75,0,4.12,US,1675828417
165,nanortalik,60.1432,-45.2371,-15.45,75,11,7.06,GL,1675828401
166,lasa,46.6166,10.7002,-4.51,79,34,0.53,IT,1675828662
167,katima mulilo,-17.5,24.2667,18.09,96,99,1.37,NA,1675828662
168,burns lake,54.2331,-125.7533,-8.32,99,80,1.66,CA,1675828663
169,hilo,19.7297,-155.09,24.6,89,100,4.63,US,1675828663
170,skibbereen,51.55,-9.2667,8.95,88,91,3.99,IE,1675828663
171,kaeo,-35.1,173.7833,25.74,64,31,3.77,NZ,1675828664
172,tiksi,71.6872,128.8694,-37.26,99,98,2.7,RU,1675828664
173,camargo,27.6667,-105.1667,14.73,24,78,4.66,MX,1675828665
174,aykhal,66.0,111.5,-35.03,99,58,0.97,RU,1675828665
175,srandakan,-7.9386,110.2506,27.08,76,100,0.42,ID,1675828665
176,narsaq,60.9167,-46.05,-27.77,66,16,4.1,GL,1675828666
177,pemba,-12.974,40.5178,24.69,87,100,3.75,MZ,1675828666
178,goure,13.9835,10.2704,17.29,23,99,4.41,NE,1675828666
179,hofn,64.2539,-15.2082,-0.21,61,100,7.24,IS,1675828667
180,coquimbo,-29.9533,-71.3436,17.85,88,100,2.57,CL,1675828397
181,shenjiamen,29.9576,122.298,9.82,76,94,5.37,CN,1675828667
182,vila franca do campo,37.7167,-25.4333,12.23,77,88,4.54,PT,1675828668
183,rio grande,-32.035,-52.0986,23.34,72,0,6.68,BR,1675828664
184,longyearbyen,78.2186,15.6401,-5.09,68,40,4.12,SJ,1675828668
185,black river,18.0264,-77.8487,21.93,84,0,2.37,JM,1675828668
186,kant,27.8,79.8,17.16,42,0,4.6,IN,1675828669
187,worland,44.0169,-107.9554,-1.36,74,0,5.14,US,1675828669
188,sechura,-5.5569,-80.8222,24.52,75,78,4.25,PE,1675828669
189,coahuayana,18.7333,-103.6833,21.35,93,19,1.56,MX,1675828670
190,tilichiki,60.4667,166.1,-28.49,90,63,4.3,RU,1675828670
191,ilulissat,69.2167,-51.1,-31.07,99,99,1.4,GL,1675828671
192,talnakh,69.4865,88.3972,-23.53,98,97,3.09,RU,1675828671
193,lompoc,34.6391,-120.4579,10.85,87,75,3.58,US,1675828393
194,nushki,29.5542,66.0215,16.35,32,100,3.32,PK,1675828671
195,taldan,53.6667,124.8,-15.77,62,26,4.17,RU,1675828672
196,ketchikan,55.3422,-131.6461,3.26,87,100,3.09,US,1675828395
197,winneba,5.3511,-0.6231,25.17,92,58,3.09,GH,1675828580
198,vanderhoof,54.0166,-124.0198,-3.52,92,100,1.86,CA,1675828534
199,quthing,-30.4,27.7003,16.18,84,100,0.83,LS,1675828673
200,monastyrshchina,54.3496,31.838,-15.48,99,63,1.96,RU,1675828673
201,keningau,5.3378,116.1602,30.17,56,95,1.07,MY,1675828673
202,kununurra,-15.7667,128.7333,36.99,44,4,3.6,AU,1675828674
203,teguldet,57.3064,88.1667,-12.42,94,100,3.08,RU,1675828674
204,lobito,-12.3481,13.5456,23.08,76,100,0.72,AO,1675828675
205,belyy yar,53.6039,91.3903,-14.06,85,100,0.0,RU,1675828675
206,dekalb,33.7504,-84.2333,13.07,69,0,0.0,US,1675828675
207,amarillo,35.222,-101.8313,6.24,40,100,3.09,US,1675828676
208,mattru,7.6244,-11.8332,22.59,82,50,0.53,SL,1675828676
209,aksay,47.26,39.87,-4.86,78,67,6.71,RU,1675828676
210,erzin,36.9559,36.2,0.7,57,94,2.21,TR,1675828677
211,taizhou,32.4933,119.9106,11.13,48,99,6.5,CN,1675828677
212,nabinagar,23.8917,90.9733,23.07,55,7,2.59,BD,1675828677
213,imbituba,-28.24,-48.6703,21.67,90,24,2.68,BR,1675828678
214,chicama,-7.8447,-79.1469,22.3,75,57,1.94,PE,1675828386
215,sorland,67.667,12.6934,5.92,85,100,22.62,NO,1675828678
216,wonthaggi,-38.6044,145.5913,19.9,61,89,5.27,AU,1675828679
217,nicoya,10.1483,-85.452,24.12,74,74,5.56,CR,1675828679
218,lusaka,-15.4067,28.2871,15.93,98,64,1.7,ZM,1675828680
219,ponta do sol,32.6667,-17.1,15.35,64,34,3.58,PT,1675828680
220,erdenet,49.0333,104.0833,-13.17,84,27,1.47,MN,1675828680
221,tautira,-17.7333,-149.15,26.83,61,6,2.3,PF,1675828681
222,vanimo,-2.6741,141.3028,25.43,94,100,4.05,PG,1675828681
223,nynashamn,58.9034,17.9479,2.31,92,100,7.21,SE,1675828681
224,cairns,-16.9167,145.7667,34.48,89,100,2.57,AU,1675828682
225,resistencia,-27.4606,-58.9839,30.05,52,80,3.09,AR,1675828682
226,kjollefjord,70.9457,27.3465,1.03,69,55,11.83,NO,1675828682
227,niamey,13.5137,2.1098,24.16,15,0,2.57,NE,1675828683
228,isangel,-19.55,169.2667,27.5,76,94,1.18,VU,1675828683
229,grand gaube,-20.0064,57.6608,26.32,81,20,3.13,MU,1675828483
230,svetlaya,46.5389,138.3297,-7.19,44,30,6.04,RU,1675828684
231,ambon,-3.6954,128.1814,33.08,55,20,4.63,ID,1675828684
232,torbay,47.6666,-52.7314,-3.12,86,75,10.8,CA,1675828684
233,albanel,48.8832,-72.4487,-1.92,74,100,4.12,CA,1675828685
234,georgetown,5.4112,100.3354,29.96,70,20,4.12,MY,1675828549
235,praia da vitoria,38.7333,-27.0667,13.14,76,75,5.44,PT,1675828685
236,nanjangud,12.1197,76.6828,21.58,43,52,2.69,IN,1675828686
237,safaga,26.7292,33.9365,13.38,51,100,6.82,EG,1675828686
238,darhan,49.4867,105.9228,-15.64,88,10,2.09,MN,1675828686
239,lagos,6.5833,3.75,26.18,88,75,1.29,NG,1675828391
240,sapouy,11.5544,-1.7736,24.13,19,42,2.8,BF,1675828687
241,nizhnevartovsk,60.9344,76.5531,-30.55,76,20,2.0,RU,1675828687
242,vilyuysk,63.7553,121.6247,-34.91,94,100,0.89,RU,1675828688
243,puerto escondido,15.85,-97.0667,24.8,70,1,2.81,MX,1675828688
244,shingu,33.7333,135.9833,15.12,35,4,3.93,JP,1675828688
245,gat,31.61,34.7642,9.49,100,44,6.11,IL,1675828689
246,show low,34.2542,-110.0298,-1.07,72,20,0.0,US,1675828689
247,chuy,-33.6971,-53.4616,20.37,84,14,2.78,UY,1675828590
248,monrovia,6.3005,-10.7969,23.87,90,98,2.31,LR,1675828690
249,vao,-22.6667,167.4833,26.8,71,41,6.2,NC,1675828690
250,richards bay,-28.783,32.0377,22.65,94,33,3.5,ZA,1675828690
251,kathu,7.9178,98.3332,29.9,66,45,3.32,TH,1675828691
252,malatya,38.5,38.0,-3.97,59,100,4.12,TR,1675828691
253,panacan,9.2463,118.4082,28.37,70,100,5.42,PH,1675828691
254,general roca,-39.0333,-67.5833,24.23,23,1,6.63,AR,1675828692
255,chokurdakh,70.6333,147.9167,-37.27,99,100,1.55,RU,1675828692
256,mehamn,71.0357,27.8492,1.95,69,50,11.83,NO,1675828433
257,oistins,13.0667,-59.5333,24.05,88,40,5.14,BB,1675828676
258,wenling,28.3669,121.36,9.97,77,100,5.16,CN,1675828693
259,ayan,56.45,138.1667,-26.04,58,30,2.73,RU,1675828693
260,halacho,20.4833,-90.0833,24.12,73,6,3.69,MX,1675828693
261,tambopata,-12.7333,-69.1833,21.74,98,72,0.82,PE,1675828694
262,norman wells,65.282,-126.8329,-21.98,77,75,2.06,CA,1675828637
263,sambava,-14.2667,50.1667,24.48,87,89,3.27,MG,1675828694
264,grootfontein,-19.5667,18.1167,17.76,88,100,1.54,NA,1675828694
265,sabang,5.8933,95.3214,27.61,74,100,6.68,ID,1675828695
266,laem sing,12.4816,102.0738,32.25,91,70,1.51,TH,1675828695
267,menomonie,44.8755,-91.9193,-0.98,86,0,1.54,US,1675828695
268,arraial do cabo,-22.9661,-42.0278,23.7,92,100,2.26,BR,1675828696
269,voyvozh,62.892,54.9635,-9.28,95,100,4.56,RU,1675828696
270,clyde river,70.4692,-68.5914,-34.87,68,0,2.57,CA,1675828697
271,pietermaritzburg,-29.6168,30.3928,19.32,97,100,0.51,ZA,1675828697
272,nouadhibou,20.931,-17.0347,16.0,69,0,9.6,MR,1675828597
273,svetlyy,54.675,20.1347,1.03,84,92,5.42,RU,1675828697
274,henties bay,-22.116,14.2845,17.81,91,51,2.26,NA,1675828698
275,bethel,41.3712,-73.414,3.2,85,100,0.0,US,1675828698
276,ahipara,-35.1667,173.1667,21.85,59,22,4.04,NZ,1675828699
277,george,-33.963,22.4617,17.75,94,100,5.14,ZA,1675828582
278,bouca,6.5105,18.2733,20.48,19,7,0.04,CF,1675828699
279,erenhot,43.6475,111.9767,-6.27,47,100,1.46,CN,1675828700
280,yurginskoye,56.8189,67.3921,-25.64,100,100,1.11,RU,1675828700
281,los llanos de aridane,28.6585,-17.9182,12.86,55,20,2.57,ES,1675828700
282,saint-louis,16.3333,-15.0,19.8,19,97,4.99,SN,1675828701
283,rocha,-34.4833,-54.3333,21.32,77,45,3.6,UY,1675828701
284,mukhen,48.1,136.1,-16.25,64,4,4.09,RU,1675828701
285,namibe,-15.1961,12.1522,20.72,77,95,2.55,AO,1675828702
286,birao,10.2849,22.7882,20.68,20,11,5.17,CF,1675828702
287,santa maria,-29.6842,-53.8069,20.61,78,20,2.57,BR,1675828436
288,barguzin,53.6167,109.6167,-14.19,86,99,1.1,RU,1675828702
289,lavumisa,-27.31,31.892,22.02,96,68,1.02,SZ,1675828703
290,xining,36.6167,101.7667,-0.26,67,100,0.93,CN,1675828703
291,hovd,48.0056,91.6419,-14.54,74,98,1.18,MN,1675828704
292,kokkola,63.8385,23.1307,-0.91,96,100,3.6,FI,1675828704
293,raudeberg,61.9875,5.1352,7.2,74,92,15.67,NO,1675828704
294,ardabil,38.2498,48.2933,-3.25,86,20,4.12,IR,1675828705
295,batagay-alyta,67.8006,130.4114,-37.05,100,97,0.63,RU,1675828705
296,christchurch,-43.5333,172.6333,22.4,54,20,6.69,NZ,1675828585
297,maxixe,-23.8597,35.3472,25.07,89,6,2.29,MZ,1675828706
298,hami,42.8,93.45,1.37,77,100,2.26,CN,1675828706
299,porto belo,-27.1578,-48.5531,24.97,81,22,1.43,BR,1675828707
300,fortuna,40.5982,-124.1573,9.51,86,100,0.0,US,1675828707
301,fukue,32.6881,128.8419,14.2,54,75,5.66,JP,1675828708
302,vostok,46.4856,135.8833,-15.81,79,52,6.08,RU,1675828708
303,ambilobe,-13.2,49.05,23.34,93,100,0.97,MG,1675828708
304,garissa,-0.4536,39.6401,23.54,83,9,2.17,KE,1675828709
305,bridlington,54.0831,-0.1919,5.85,88,20,4.92,GB,1675828709
306,muros,42.7762,-9.0603,5.61,80,28,6.9,ES,1675828709
307,jieshi,22.8134,115.8257,19.99,73,37,10.34,CN,1675828710
308,anadyr,64.75,177.4833,-31.72,75,0,4.0,RU,1675828710
309,bobo dioulasso,11.1771,-4.2979,23.25,31,57,0.0,BF,1675828710
310,batemans bay,-35.7167,150.1833,21.17,82,100,0.84,AU,1675828711
311,goderich,43.7501,-81.7165,2.18,87,100,4.12,CA,1675828570
312,kazerun,29.6195,51.6541,10.93,91,100,1.18,IR,1675828711
313,porto santo,33.072,-16.3415,14.21,77,40,6.69,PT,1675828712
314,codrington,-38.2667,141.9667,19.23,59,63,6.44,AU,1675828712
315,hasaki,35.7333,140.8333,11.22,70,100,9.41,JP,1675828712
316,sumbe,-11.2061,13.8437,23.1,82,99,2.33,AO,1675828713
317,muravlenko,63.7898,74.523,-24.11,99,90,4.66,RU,1675828713
318,ribeira grande,38.5167,-28.7,13.21,66,45,2.24,PT,1675828714
319,airai,-8.9266,125.4092,20.94,80,82,1.58,TL,1675828581
320,riyadh,24.6877,46.7219,12.08,42,19,2.3,SA,1675828527
321,marawi,7.9986,124.2928,26.21,57,74,3.21,PH,1675828714
322,ponta delgada,37.7333,-25.6667,12.4,87,75,5.14,PT,1675828715
323,inhambane,-23.865,35.3833,25.55,87,6,2.65,MZ,1675828715
324,jumla,29.2747,82.1838,9.22,19,0,1.8,NP,1675828715
325,lebu,-37.6167,-73.65,14.8,88,0,7.74,CL,1675828716
326,wajima,37.4,136.9,4.38,100,75,1.54,JP,1675828716
327,auki,-8.7676,160.7034,29.95,65,94,2.78,SB,1675828716
328,labuhan,-6.8844,112.2051,25.55,87,100,2.96,ID,1675828522
329,luderitz,-26.6481,15.1594,18.2,83,17,8.17,NA,1675828717
330,ucluelet,48.9329,-125.5528,5.69,74,45,6.65,CA,1675828717
331,tabuk,17.4189,121.4443,27.26,75,74,1.35,PH,1675828718
332,provideniya,64.3833,-173.3,-19.94,71,100,3.0,RU,1675828718
333,filadelfia,39.9523,-75.1638,5.65,79,100,3.09,US,1675828432
334,yenotayevka,47.2456,47.0281,-7.6,80,100,9.62,RU,1675828719
335,geraldton,-28.7667,114.6,33.23,35,0,3.6,AU,1675828681
336,cidreira,-30.1811,-50.2056,23.95,82,7,6.2,BR,1675828719
337,olafsvik,64.8945,-23.7142,-2.34,56,100,13.21,IS,1675828577
338,esperance,-33.8667,121.9,22.28,64,71,5.54,AU,1675828495
339,zheshart,62.0731,49.5733,-5.63,93,100,4.08,RU,1675828720
340,novikovo,51.1537,37.8879,-11.55,93,6,4.1,RU,1675828720
341,rawson,-43.3002,-65.1023,18.26,59,1,2.11,AR,1675828679
342,chor,25.5167,69.7667,22.05,36,1,4.47,PK,1675828721
343,pedernales,18.0384,-71.744,24.79,64,0,2.16,DO,1675828480
344,homer,59.6425,-151.5483,-4.06,72,75,8.23,US,1675828721
345,ostrovnoy,68.0531,39.5131,-1.61,79,10,8.9,RU,1675828722
346,renfrew,55.872,-4.3925,7.51,83,100,5.66,GB,1675828722
347,baft,29.234,56.6057,6.44,73,98,5.54,IR,1675828722
348,gornopravdinsk,60.05,69.9,-25.21,100,100,1.77,RU,1675828723
349,tucson,32.2217,-110.9265,12.14,36,0,3.6,US,1675828451
350,imeni poliny osipenko,52.4201,136.4853,-21.92,84,46,3.33,RU,1675828723
351,thai binh,20.45,106.3333,21.35,88,100,4.99,VN,1675828723
352,pisco,-13.7,-76.2167,23.03,88,0,5.14,PE,1675828548
353,san patricio,28.017,-97.5169,22.05,88,93,5.26,US,1675828537
354,netivot,31.4222,34.5886,7.0,67,66,7.36,IL,1675828724
355,padang,-0.9492,100.3543,30.03,58,89,1.79,ID,1675828638
356,flinders,-34.5833,150.8552,21.77,89,100,1.34,AU,1675828725
357,collie,-33.3667,116.15,31.24,26,0,2.17,AU,1675828572
358,paka,4.6374,103.4368,27.96,83,40,3.09,MY,1675828725
359,shahrud,36.4182,54.9763,3.33,61,45,2.75,IR,1675828725
360,knoxville,35.9606,-83.9207,12.54,62,0,2.57,US,1675828651
361,turbat,26.0023,63.044,21.17,36,34,0.45,PK,1675828453
362,camapua,-19.5314,-54.0439,20.53,94,99,0.43,BR,1675828713
363,wattegama,6.7989,81.4808,27.69,66,95,4.32,LK,1675828726
364,bykivka,50.2929,27.9831,-10.9,97,60,2.16,UA,1675828727
365,barcelona,41.3888,2.159,9.62,78,40,8.75,ES,1675828685
366,agadez,19.75,10.25,16.94,22,100,1.38,NE,1675828727
367,manzanillo,20.3433,-77.1167,22.69,80,0,6.74,CU,1675828728
368,tres arroyos,-38.3739,-60.2798,22.25,54,22,2.86,AR,1675828728
369,rio gallegos,-51.6226,-69.2181,14.03,77,0,8.23,AR,1675828432
370,bambous virieux,-20.3428,57.7575,26.23,83,40,5.14,MU,1675828465
371,pevek,69.7008,170.3133,-30.35,97,100,1.64,RU,1675828729
372,sapele,5.8941,5.6767,25.35,86,16,1.36,NG,1675828729
373,tessalit,20.1986,1.0114,19.27,14,54,4.03,ML,1675828729
374,llanes,43.4198,-4.7549,7.05,75,3,5.1,ES,1675828730
375,harper,4.375,-7.7169,25.85,85,91,2.97,LR,1675828730
376,cayenne,4.9333,-52.3333,25.02,94,75,1.03,GF,1675828730
377,dodge city,37.7528,-100.0171,3.45,49,98,1.81,US,1675828731
378,umm kaddadah,13.6017,26.6876,13.26,25,11,8.25,SD,1675828731
379,port hedland,-20.3167,118.5667,35.03,46,34,5.14,AU,1675828526
380,les herbiers,46.8667,-1.0167,-0.16,89,8,3.78,FR,1675828732
381,alofi,-19.0595,-169.9187,27.94,83,100,3.6,NU,1675828732
382,port hardy,50.6996,-127.4199,4.1,93,75,2.57,CA,1675828732
383,bay roberts,47.5999,-53.2648,-2.7,84,100,6.71,CA,1675828733
384,broken hill,-31.95,141.4333,31.46,14,0,5.33,AU,1675828679
385,husavik,66.0449,-17.3389,-4.83,73,87,7.83,IS,1675828548
386,yulara,-25.2406,130.9889,37.87,15,0,4.58,AU,1675828733
387,taitung,22.7583,121.1444,25.15,73,75,5.14,TW,1675828734
388,mogadishu,2.0371,45.3438,24.69,83,18,6.84,SO,1675828623
389,saint-pierre,-21.3393,55.4781,27.82,69,0,10.8,RE,1675828735
390,pathein,16.7833,94.7333,29.79,30,3,4.7,MM,1675828736
391,genhe,50.7833,121.5167,-15.46,82,89,1.59,CN,1675828736
392,san quintin,30.4833,-115.95,14.45,52,0,0.23,MX,1675828737
393,kiunga,-6.1219,141.2906,29.55,70,80,3.05,PG,1675828737
394,vila,42.0304,-8.1588,3.49,80,72,3.66,PT,1675828737
395,iqaluit,63.7506,-68.5145,-33.15,75,40,2.57,CA,1675828673
396,pervomayskoye,43.919,46.7102,-3.79,95,100,7.45,RU,1675828738
397,korla,41.7597,86.1469,0.52,77,13,1.83,CN,1675828738
398,the pas,53.8251,-101.2541,-1.99,59,0,5.66,CA,1675828739
399,dukat,62.55,155.55,-34.89,96,75,1.54,RU,1675828739
400,kabanjahe,3.1001,98.4908,23.23,71,96,1.7,ID,1675828739
401,sao francisco,-15.9486,-44.8644,22.05,73,20,1.3,BR,1675828740
402,san ramon,37.7799,-121.978,11.87,78,0,2.06,US,1675828740
403,san fernando,15.0286,120.6898,31.85,51,99,6.74,PH,1675828587
404,arlit,18.7369,7.3853,20.47,17,100,1.7,NE,1675828660
405,tuy hoa,13.0833,109.3,26.6,76,40,3.02,VN,1675828741
406,ende,-8.8432,121.6623,28.92,79,24,0.4,ID,1675828741
407,mahajanga,-15.7167,46.3167,24.01,94,20,2.06,MG,1675828589
408,camacha,33.0833,-16.3333,12.68,77,40,6.69,PT,1675828742
409,soyo,-6.1349,12.3689,26.19,81,84,2.49,AO,1675828742
410,concarneau,47.875,-3.9225,1.16,78,39,3.52,FR,1675828742
411,kolpashevo,58.3131,82.9089,-17.03,97,93,2.54,RU,1675828743
412,quimper,48.0,-4.1,2.31,80,0,2.57,FR,1675828743
413,denpasar,-8.65,115.2167,29.84,74,20,5.14,ID,1675828744
414,gibraleon,37.3763,-6.969,6.68,72,100,5.09,ES,1675828744
415,yaan,7.3833,8.5667,24.06,29,44,1.85,NG,1675828744
416,lufilufi,-13.8745,-171.5986,25.88,77,62,5.47,WS,1675828745
417,abeche,13.8292,20.8324,17.99,26,78,5.11,TD,1675828745
418,saint george,37.1041,-113.5841,8.33,49,0,1.79,US,1675828663
419,itaqui,-29.1253,-56.5531,25.31,25,0,4.08,BR,1675828746
420,amga,60.8953,131.9608,-31.97,93,100,0.72,RU,1675828746
421,prestea,5.4327,-2.1428,23.16,96,95,1.3,GH,1675828746
422,bucak,37.4592,30.595,-4.71,75,6,3.82,TR,1675828747
423,mecca,21.4267,39.8261,16.08,60,52,5.1,SA,1675828655
424,moratuwa,6.773,79.8816,27.01,78,99,1.42,LK,1675828747
425,marzuq,14.4,46.4667,17.99,46,18,2.39,YE,1675828748
426,asau,46.4333,26.4,-5.49,96,98,2.27,RO,1675828748
427,shancheng,34.7953,116.0817,11.05,54,100,4.48,CN,1675828748
428,pitea,65.3172,21.4794,-1.95,82,95,3.58,SE,1675828749
429,stolin,51.8912,26.846,-7.03,94,6,1.16,BY,1675828749
430,sinnamary,5.3833,-52.95,23.96,91,70,4.19,GF,1675828470
431,nara,34.6851,135.8049,12.5,44,54,5.04,JP,1675828750
432,indianola,41.3581,-93.5574,1.04,67,0,0.45,US,1675828750
433,fallon,39.4735,-118.7774,2.93,71,75,2.57,US,1675828750
434,neiafu,-18.65,-173.9833,28.38,83,75,2.57,TO,1675828751
435,port blair,11.6667,92.75,28.02,69,40,4.63,IN,1675828679
436,ewa beach,21.3156,-158.0072,26.97,72,75,5.66,US,1675828751
437,tuatapere,-46.1333,167.6833,12.59,67,59,7.16,NZ,1675828752
438,mukdahan,16.5833,104.5,27.86,49,64,1.85,TH,1675828752
439,sakakah,29.9697,40.2064,7.76,60,24,8.39,SA,1675828753
440,hambantota,6.1241,81.1185,28.19,83,20,5.66,LK,1675828753
441,krasnoselkup,65.7,82.4667,-32.15,100,99,1.77,RU,1675828753
442,laguna,38.421,-121.4238,10.99,77,0,0.0,US,1675828754
443,mormugao,15.4,73.8,23.59,78,40,1.03,IN,1675828754
444,katunino,64.3862,40.6298,1.94,97,100,4.04,RU,1675828755
445,capao da canoa,-29.7456,-50.0097,22.96,86,1,4.65,BR,1675828755
446,djibo,14.1022,-1.6306,24.23,16,84,4.46,BF,1675828755
447,kosh-agach,50.0,88.6667,-20.14,89,100,0.42,RU,1675828756
448,basoko,1.2391,23.616,24.95,46,97,1.11,CD,1675828756
449,linxia,35.6003,103.2064,-0.67,77,100,1.93,CN,1675828757
450,fatehpur,25.9333,80.8,19.5,45,0,3.79,IN,1675828522
451,westport,41.1415,-73.3579,4.88,87,100,1.79,US,1675828601
452,gizo,-8.103,156.8419,28.99,74,100,5.48,SB,1675828566
453,tual,-5.6667,132.75,28.11,74,99,9.52,ID,1675828757
454,ahuimanu,21.4447,-157.8378,26.84,80,40,7.2,US,1675828758
455,nantucket,41.2835,-70.0995,2.06,82,75,6.17,US,1675828710
456,simpang,-1.2667,104.0833,30.84,62,100,2.54,ID,1675828758
457,mareeba,-17.0,145.4333,31.91,73,91,1.81,AU,1675828493
458,biak,-0.9131,122.8766,25.62,79,100,3.16,ID,1675828759
459,pauini,-7.7136,-66.9764,22.63,93,99,0.47,BR,1675828688
460,saint-francois,46.4154,3.9054,-5.74,93,1,1.54,FR,1675828515
461,maumere,-8.6199,122.2111,28.58,78,28,4.74,ID,1675828759
462,siloam springs,36.1881,-94.5405,7.25,99,100,3.09,US,1675828692
463,pangody,65.85,74.4859,-19.93,94,86,5.88,RU,1675828696
464,matara,5.9485,80.5353,26.2,80,93,3.29,LK,1675828760
465,zhezkazgan,47.8043,67.7144,-14.01,85,100,3.0,KZ,1675828760
466,quzhou,28.9594,118.8686,9.36,94,100,4.61,CN,1675828761
467,ouadda,8.0777,22.4007,21.36,16,23,4.23,CF,1675828761
468,plettenberg bay,-34.0527,23.3716,19.09,84,100,2.68,ZA,1675828761
469,otradnoye,59.7775,30.8181,-0.97,86,100,4.32,RU,1675828762
470,sayyan,15.1718,44.3244,10.9,59,24,0.6,YE,1675828762
471,morondava,-20.2833,44.2833,24.94,86,99,2.85,MG,1675828762
472,lashio,22.9333,97.75,22.64,28,0,0.94,MM,1675828763
473,livingstone,-17.8419,25.8543,17.71,92,84,0.97,ZM,1675828763
474,nyagan,62.1406,65.3936,-16.33,95,100,4.31,RU,1675828764
475,kavieng,-2.5744,150.7967,27.64,78,100,4.11,PG,1675828764
476,bayonne,43.3333,-1.4167,2.97,100,9,1.54,FR,1675828764
477,coos bay,43.3665,-124.2179,7.99,51,100,1.54,US,1675828765
478,kandrian,-6.2167,149.55,27.99,82,98,6.54,PG,1675828765
479,lensk,60.7253,114.9278,-20.22,92,100,2.03,RU,1675828735
480,pak phanang,8.3511,100.202,31.01,72,73,3.41,TH,1675828765
481,rognan,67.0953,15.3878,6.08,84,98,5.39,NO,1675828766
482,port macquarie,-31.4333,152.9167,25.1,59,66,4.18,AU,1675828518
483,kahului,20.8947,-156.47,25.01,77,40,9.77,US,1675828766
484,arman,59.7,150.1667,-23.88,78,32,3.33,RU,1675828767
485,melivoia,39.75,22.8,-2.19,64,40,3.44,GR,1675828767
486,malanje,-9.5402,16.341,15.88,92,100,1.57,AO,1675828767
487,pangai,-19.8,-174.35,29.06,70,20,3.6,TO,1675828768
488,sergeyevka,53.88,67.4158,-21.16,99,89,2.79,KZ,1675828674
489,chaupal,30.95,77.5833,6.82,22,20,1.49,IN,1675828768
490,vadso,70.0744,29.7487,0.09,74,20,9.26,NO,1675828769
491,poshekhonye,58.4993,39.1353,-10.64,98,100,3.34,RU,1675828769
492,faanui,-16.4833,-151.75,27.22,72,25,5.21,PF,1675828769
493,sendhwa,21.6833,75.1,22.76,24,2,3.12,IN,1675828770
494,independence,39.0911,-94.4155,6.05,51,0,0.0,US,1675828500
495,mineiros,-17.5694,-52.5511,19.23,93,88,0.99,BR,1675828770
496,kirkkonummi,60.1238,24.4385,2.66,100,100,5.07,FI,1675828770
497,mayo,38.8876,-76.5119,10.28,86,0,2.57,US,1675828484
498,matagami,49.7502,-77.6328,-9.94,79,100,11.32,CA,1675828771
499,lagoa,39.05,-27.9833,12.78,63,86,6.63,PT,1675828771
500,port hawkesbury,45.6169,-61.3485,-2.23,82,100,6.17,CA,1675828772
501,novobirilyussy,56.9514,90.6661,-10.49,92,100,3.43,RU,1675828772
502,palmas bellas,9.2319,-80.0867,22.97,81,85,6.45,PA,1675828772
503,dingle,10.9995,122.6711,27.94,70,100,7.48,PH,1675828773
504,zanjan,36.6736,48.4787,0.83,51,0,0.0,IR,1675828773
505,bubaque,11.2833,-15.8333,24.01,63,5,5.73,GW,1675828716
506,cenade,46.0587,24.0089,-7.16,97,76,1.32,RO,1675828774
507,dehui,44.5333,125.7,-7.02,59,2,4.06,CN,1675828774
508,vestmannaeyjar,63.4427,-20.2734,-0.27,65,100,16.07,IS,1675828574
509,huarmey,-10.0681,-78.1522,22.42,82,8,2.38,PE,1675828775
510,zavodskoy,43.4597,132.2922,-5.23,35,30,4.0,RU,1675828775
511,bishopton,55.9097,-4.5056,7.41,83,100,5.66,GB,1675828775
512,hesla,24.0667,85.8833,23.7,32,0,2.66,IN,1675828776
513,kyra,49.5776,111.9753,-10.42,67,7,1.07,RU,1675828776
514,havre-saint-pierre,50.2334,-63.5986,-6.0,79,100,5.66,CA,1675828777
515,rubiataba,-15.1644,-49.8033,20.61,88,64,0.88,BR,1675828777
516,leshukonskoye,64.8989,45.7622,0.86,99,100,3.85,RU,1675828777
517,brewster,41.3973,-73.6171,3.34,91,100,0.45,US,1675828778
518,walvis bay,-22.9575,14.5053,18.94,88,43,1.54,NA,1675828778
519,oksfjord,70.2396,22.3479,4.1,73,49,6.61,NO,1675828778
520,bosaso,11.2842,49.1816,23.65,81,52,0.8,SO,1675828779
521,middelburg,-25.7751,29.4648,14.51,94,68,3.45,ZA,1675828779
522,bela,25.9333,81.9833,20.41,44,0,3.94,IN,1675828780
523,pakala,13.4667,79.1167,20.23,51,19,1.51,IN,1675828780
524,kawalu,-7.3817,108.2082,28.52,69,100,1.05,ID,1675828780
525,ornskoldsvik,63.2909,18.7153,-2.47,100,91,3.09,SE,1675828781
526,raver,21.25,76.0333,24.51,21,0,3.85,IN,1675828781
527,kargasok,59.0556,80.8572,-19.73,98,96,3.44,RU,1675828781
528,bozoum,6.3193,16.3799,19.3,20,55,1.23,CF,1675828782
529,kilimatinde,-5.85,34.95,17.41,98,98,1.1,TZ,1675828782
530,tumaco,1.7986,-78.8156,24.82,90,37,2.67,CO,1675828782
531,santa marta,11.2408,-74.199,29.03,58,11,7.2,CO,1675828717
532,meulaboh,4.1363,96.1285,28.73,65,69,0.52,ID,1675828783
533,puerto colombia,10.9878,-74.9547,26.05,78,1,14.28,CO,1675828783
534,udachnyy,66.4167,112.4,-36.52,98,90,1.03,RU,1675828784
535,channagiri,14.0333,75.9333,26.53,34,25,2.4,IN,1675828505
536,biu,10.6129,12.1946,18.49,25,11,3.46,NG,1675828784
537,peniche,39.3558,-9.3811,7.38,81,3,5.61,PT,1675828537
538,nizamabad,18.6667,78.1167,26.41,35,72,1.83,IN,1675828785
539,senador canedo,-16.7081,-49.0931,22.63,83,0,0.0,BR,1675828785
540,guiratinga,-16.3494,-53.7583,21.18,93,97,1.19,BR,1675828785
541,dunedin,-45.8742,170.5036,16.06,48,63,7.89,NZ,1675828786
542,saint-joseph,-21.3667,55.6167,27.21,78,80,5.73,RE,1675828786
543,dothan,31.2232,-85.3905,17.11,76,100,1.54,US,1675828572
544,litovko,49.2361,135.1742,-19.21,86,100,1.76,RU,1675828787
